"model","simID","lac","mu","k","gam","laa","dd"
"etienne","112311",0.9,0.3,15,0.001,0.2,"CS"
"etienne","112322",0.9,0.3,15,0.001,0.4,"IW"
"etienne","112321",0.9,0.3,15,0.001,0.4,"CS"
"etienne","112332",0.9,0.3,15,0.001,0.6,"IW"
"etienne","112331",0.9,0.3,15,0.001,0.6,"CS"
"etienne","112112",0.9,0.3,15,1e-04,0.2,"IW"
"etienne","112111",0.9,0.3,15,1e-04,0.2,"CS"
"etienne","112122",0.9,0.3,15,1e-04,0.4,"IW"
"etienne","112121",0.9,0.3,15,1e-04,0.4,"CS"
"etienne","112132",0.9,0.3,15,1e-04,0.6,"IW"
"etienne","112131",0.9,0.3,15,1e-04,0.6,"CS"
"etienne","112212",0.9,0.3,15,5e-04,0.2,"IW"
"etienne","112211",0.9,0.3,15,5e-04,0.2,"CS"
"etienne","112222",0.9,0.3,15,5e-04,0.4,"IW"
"etienne","112221",0.9,0.3,15,5e-04,0.4,"CS"
"etienne","112232",0.9,0.3,15,5e-04,0.6,"IW"
"etienne","112231",0.9,0.3,15,5e-04,0.6,"CS"
"etienne","114312",0.9,0.3,30,0.001,0.2,"IW"
"etienne","114311",0.9,0.3,30,0.001,0.2,"CS"
"etienne","114322",0.9,0.3,30,0.001,0.4,"IW"
"etienne","114321",0.9,0.3,30,0.001,0.4,"CS"
"etienne","114332",0.9,0.3,30,0.001,0.6,"IW"
"etienne","114331",0.9,0.3,30,0.001,0.6,"CS"
"etienne","114112",0.9,0.3,30,1e-04,0.2,"IW"
"etienne","114111",0.9,0.3,30,1e-04,0.2,"CS"
"etienne","114122",0.9,0.3,30,1e-04,0.4,"IW"
"etienne","114121",0.9,0.3,30,1e-04,0.4,"CS"
"etienne","114132",0.9,0.3,30,1e-04,0.6,"IW"
"etienne","114131",0.9,0.3,30,1e-04,0.6,"CS"
"etienne","114212",0.9,0.3,30,5e-04,0.2,"IW"
"etienne","114211",0.9,0.3,30,5e-04,0.2,"CS"
"etienne","114222",0.9,0.3,30,5e-04,0.4,"IW"
"etienne","114221",0.9,0.3,30,5e-04,0.4,"CS"
"etienne","114232",0.9,0.3,30,5e-04,0.6,"IW"
"etienne","114231",0.9,0.3,30,5e-04,0.6,"CS"
"etienne","111312",0.9,0.3,5,0.001,0.2,"IW"
"etienne","111311",0.9,0.3,5,0.001,0.2,"CS"
"etienne","111322",0.9,0.3,5,0.001,0.4,"IW"
"etienne","111321",0.9,0.3,5,0.001,0.4,"CS"
"etienne","111332",0.9,0.3,5,0.001,0.6,"IW"
"etienne","111331",0.9,0.3,5,0.001,0.6,"CS"
"etienne","111112",0.9,0.3,5,1e-04,0.2,"IW"
"etienne","111111",0.9,0.3,5,1e-04,0.2,"CS"
"etienne","111122",0.9,0.3,5,1e-04,0.4,"IW"
"etienne","111121",0.9,0.3,5,1e-04,0.4,"CS"
"etienne","111132",0.9,0.3,5,1e-04,0.6,"IW"
"etienne","111131",0.9,0.3,5,1e-04,0.6,"CS"
"etienne","111212",0.9,0.3,5,5e-04,0.2,"IW"
"etienne","111211",0.9,0.3,5,5e-04,0.2,"CS"
"etienne","111222",0.9,0.3,5,5e-04,0.4,"IW"
"etienne","111221",0.9,0.3,5,5e-04,0.4,"CS"
"etienne","111232",0.9,0.3,5,5e-04,0.6,"IW"
"etienne","111231",0.9,0.3,5,5e-04,0.6,"CS"
"etienne","113312",0.9,0.3,Inf,0.001,0.2,"IW"
"etienne","113311",0.9,0.3,Inf,0.001,0.2,"CS"
"etienne","113322",0.9,0.3,Inf,0.001,0.4,"IW"
"etienne","113321",0.9,0.3,Inf,0.001,0.4,"CS"
"etienne","113332",0.9,0.3,Inf,0.001,0.6,"IW"
"etienne","113331",0.9,0.3,Inf,0.001,0.6,"CS"
"etienne","113112",0.9,0.3,Inf,1e-04,0.2,"IW"
"etienne","113111",0.9,0.3,Inf,1e-04,0.2,"CS"
"etienne","113122",0.9,0.3,Inf,1e-04,0.4,"IW"
"etienne","113121",0.9,0.3,Inf,1e-04,0.4,"CS"
"etienne","113132",0.9,0.3,Inf,1e-04,0.6,"IW"
"etienne","113131",0.9,0.3,Inf,1e-04,0.6,"CS"
"etienne","113212",0.9,0.3,Inf,5e-04,0.2,"IW"
"etienne","113211",0.9,0.3,Inf,5e-04,0.2,"CS"
"etienne","113222",0.9,0.3,Inf,5e-04,0.4,"IW"
"etienne","113221",0.9,0.3,Inf,5e-04,0.4,"CS"
"etienne","113232",0.9,0.3,Inf,5e-04,0.6,"IW"
"etienne","113231",0.9,0.3,Inf,5e-04,0.6,"CS"
"etienne","122312",0.9,0.4,15,0.001,0.2,"IW"
"etienne","122311",0.9,0.4,15,0.001,0.2,"CS"
"etienne","122322",0.9,0.4,15,0.001,0.4,"IW"
"etienne","122321",0.9,0.4,15,0.001,0.4,"CS"
"etienne","122332",0.9,0.4,15,0.001,0.6,"IW"
"etienne","122331",0.9,0.4,15,0.001,0.6,"CS"
"etienne","122112",0.9,0.4,15,1e-04,0.2,"IW"
"etienne","122111",0.9,0.4,15,1e-04,0.2,"CS"
"etienne","122122",0.9,0.4,15,1e-04,0.4,"IW"
"etienne","122121",0.9,0.4,15,1e-04,0.4,"CS"
"etienne","122132",0.9,0.4,15,1e-04,0.6,"IW"
"etienne","122131",0.9,0.4,15,1e-04,0.6,"CS"
"etienne","122212",0.9,0.4,15,5e-04,0.2,"IW"
"etienne","122211",0.9,0.4,15,5e-04,0.2,"CS"
"etienne","122222",0.9,0.4,15,5e-04,0.4,"IW"
"etienne","122221",0.9,0.4,15,5e-04,0.4,"CS"
"etienne","122232",0.9,0.4,15,5e-04,0.6,"IW"
"etienne","122231",0.9,0.4,15,5e-04,0.6,"CS"
"etienne","124312",0.9,0.4,30,0.001,0.2,"IW"
"etienne","124311",0.9,0.4,30,0.001,0.2,"CS"
"etienne","124322",0.9,0.4,30,0.001,0.4,"IW"
"etienne","124321",0.9,0.4,30,0.001,0.4,"CS"
"etienne","124332",0.9,0.4,30,0.001,0.6,"IW"
"etienne","124331",0.9,0.4,30,0.001,0.6,"CS"
"etienne","124112",0.9,0.4,30,1e-04,0.2,"IW"
"etienne","124111",0.9,0.4,30,1e-04,0.2,"CS"
"etienne","124122",0.9,0.4,30,1e-04,0.4,"IW"
"etienne","124121",0.9,0.4,30,1e-04,0.4,"CS"
"etienne","124132",0.9,0.4,30,1e-04,0.6,"IW"
"etienne","124131",0.9,0.4,30,1e-04,0.6,"CS"
"etienne","124212",0.9,0.4,30,5e-04,0.2,"IW"
"etienne","124211",0.9,0.4,30,5e-04,0.2,"CS"
"etienne","124222",0.9,0.4,30,5e-04,0.4,"IW"
"etienne","124221",0.9,0.4,30,5e-04,0.4,"CS"
"etienne","124232",0.9,0.4,30,5e-04,0.6,"IW"
"etienne","124231",0.9,0.4,30,5e-04,0.6,"CS"
"etienne","121312",0.9,0.4,5,0.001,0.2,"IW"
"etienne","121311",0.9,0.4,5,0.001,0.2,"CS"
"etienne","121322",0.9,0.4,5,0.001,0.4,"IW"
"etienne","121321",0.9,0.4,5,0.001,0.4,"CS"
"etienne","121332",0.9,0.4,5,0.001,0.6,"IW"
"etienne","121331",0.9,0.4,5,0.001,0.6,"CS"
"etienne","121112",0.9,0.4,5,1e-04,0.2,"IW"
"etienne","121111",0.9,0.4,5,1e-04,0.2,"CS"
"etienne","121122",0.9,0.4,5,1e-04,0.4,"IW"
"etienne","121121",0.9,0.4,5,1e-04,0.4,"CS"
"etienne","121132",0.9,0.4,5,1e-04,0.6,"IW"
"etienne","121131",0.9,0.4,5,1e-04,0.6,"CS"
"etienne","121212",0.9,0.4,5,5e-04,0.2,"IW"
"etienne","121211",0.9,0.4,5,5e-04,0.2,"CS"
"etienne","121222",0.9,0.4,5,5e-04,0.4,"IW"
"etienne","121221",0.9,0.4,5,5e-04,0.4,"CS"
"etienne","121232",0.9,0.4,5,5e-04,0.6,"IW"
"etienne","121231",0.9,0.4,5,5e-04,0.6,"CS"
"etienne","123312",0.9,0.4,Inf,0.001,0.2,"IW"
"etienne","123311",0.9,0.4,Inf,0.001,0.2,"CS"
"etienne","123322",0.9,0.4,Inf,0.001,0.4,"IW"
"etienne","123321",0.9,0.4,Inf,0.001,0.4,"CS"
"etienne","123332",0.9,0.4,Inf,0.001,0.6,"IW"
"etienne","123331",0.9,0.4,Inf,0.001,0.6,"CS"
"etienne","123112",0.9,0.4,Inf,1e-04,0.2,"IW"
"etienne","123111",0.9,0.4,Inf,1e-04,0.2,"CS"
"etienne","123122",0.9,0.4,Inf,1e-04,0.4,"IW"
"etienne","123121",0.9,0.4,Inf,1e-04,0.4,"CS"
"etienne","123132",0.9,0.4,Inf,1e-04,0.6,"IW"
"etienne","123131",0.9,0.4,Inf,1e-04,0.6,"CS"
"etienne","123212",0.9,0.4,Inf,5e-04,0.2,"IW"
"etienne","123211",0.9,0.4,Inf,5e-04,0.2,"CS"
"etienne","123222",0.9,0.4,Inf,5e-04,0.4,"IW"
"etienne","123221",0.9,0.4,Inf,5e-04,0.4,"CS"
"etienne","123232",0.9,0.4,Inf,5e-04,0.6,"IW"
"etienne","123231",0.9,0.4,Inf,5e-04,0.6,"CS"
"etienne","132312",0.9,0.6,15,0.001,0.2,"IW"
"etienne","132311",0.9,0.6,15,0.001,0.2,"CS"
"etienne","132322",0.9,0.6,15,0.001,0.4,"IW"
"etienne","132321",0.9,0.6,15,0.001,0.4,"CS"
"etienne","132332",0.9,0.6,15,0.001,0.6,"IW"
"etienne","132331",0.9,0.6,15,0.001,0.6,"CS"
"etienne","132112",0.9,0.6,15,1e-04,0.2,"IW"
"etienne","132111",0.9,0.6,15,1e-04,0.2,"CS"
"etienne","132122",0.9,0.6,15,1e-04,0.4,"IW"
"etienne","132121",0.9,0.6,15,1e-04,0.4,"CS"
"etienne","132132",0.9,0.6,15,1e-04,0.6,"IW"
"etienne","132131",0.9,0.6,15,1e-04,0.6,"CS"
"etienne","132212",0.9,0.6,15,5e-04,0.2,"IW"
"etienne","132211",0.9,0.6,15,5e-04,0.2,"CS"
"etienne","132222",0.9,0.6,15,5e-04,0.4,"IW"
"etienne","132221",0.9,0.6,15,5e-04,0.4,"CS"
"etienne","132232",0.9,0.6,15,5e-04,0.6,"IW"
"etienne","132231",0.9,0.6,15,5e-04,0.6,"CS"
"etienne","134312",0.9,0.6,30,0.001,0.2,"IW"
"etienne","134311",0.9,0.6,30,0.001,0.2,"CS"
"etienne","134322",0.9,0.6,30,0.001,0.4,"IW"
"etienne","134321",0.9,0.6,30,0.001,0.4,"CS"
"etienne","134332",0.9,0.6,30,0.001,0.6,"IW"
"etienne","134331",0.9,0.6,30,0.001,0.6,"CS"
"etienne","134112",0.9,0.6,30,1e-04,0.2,"IW"
"etienne","134111",0.9,0.6,30,1e-04,0.2,"CS"
"etienne","134122",0.9,0.6,30,1e-04,0.4,"IW"
"etienne","134121",0.9,0.6,30,1e-04,0.4,"CS"
"etienne","134132",0.9,0.6,30,1e-04,0.6,"IW"
"etienne","134131",0.9,0.6,30,1e-04,0.6,"CS"
"etienne","134212",0.9,0.6,30,5e-04,0.2,"IW"
"etienne","134211",0.9,0.6,30,5e-04,0.2,"CS"
"etienne","134222",0.9,0.6,30,5e-04,0.4,"IW"
"etienne","134221",0.9,0.6,30,5e-04,0.4,"CS"
"etienne","134232",0.9,0.6,30,5e-04,0.6,"IW"
"etienne","134231",0.9,0.6,30,5e-04,0.6,"CS"
"etienne","131312",0.9,0.6,5,0.001,0.2,"IW"
"etienne","131311",0.9,0.6,5,0.001,0.2,"CS"
"etienne","131322",0.9,0.6,5,0.001,0.4,"IW"
"etienne","131321",0.9,0.6,5,0.001,0.4,"CS"
"etienne","131332",0.9,0.6,5,0.001,0.6,"IW"
"etienne","131331",0.9,0.6,5,0.001,0.6,"CS"
"etienne","131112",0.9,0.6,5,1e-04,0.2,"IW"
"etienne","131111",0.9,0.6,5,1e-04,0.2,"CS"
"etienne","131122",0.9,0.6,5,1e-04,0.4,"IW"
"etienne","131121",0.9,0.6,5,1e-04,0.4,"CS"
"etienne","131132",0.9,0.6,5,1e-04,0.6,"IW"
"etienne","131131",0.9,0.6,5,1e-04,0.6,"CS"
"etienne","131212",0.9,0.6,5,5e-04,0.2,"IW"
"etienne","131211",0.9,0.6,5,5e-04,0.2,"CS"
"etienne","131222",0.9,0.6,5,5e-04,0.4,"IW"
"etienne","131221",0.9,0.6,5,5e-04,0.4,"CS"
"etienne","131232",0.9,0.6,5,5e-04,0.6,"IW"
"etienne","131231",0.9,0.6,5,5e-04,0.6,"CS"
"etienne","133312",0.9,0.6,Inf,0.001,0.2,"IW"
"etienne","133311",0.9,0.6,Inf,0.001,0.2,"CS"
"etienne","133322",0.9,0.6,Inf,0.001,0.4,"IW"
"etienne","133321",0.9,0.6,Inf,0.001,0.4,"CS"
"etienne","133332",0.9,0.6,Inf,0.001,0.6,"IW"
"etienne","133331",0.9,0.6,Inf,0.001,0.6,"CS"
"etienne","133112",0.9,0.6,Inf,1e-04,0.2,"IW"
"etienne","133111",0.9,0.6,Inf,1e-04,0.2,"CS"
"etienne","133122",0.9,0.6,Inf,1e-04,0.4,"IW"
"etienne","133121",0.9,0.6,Inf,1e-04,0.4,"CS"
"etienne","133132",0.9,0.6,Inf,1e-04,0.6,"IW"
"etienne","133131",0.9,0.6,Inf,1e-04,0.6,"CS"
"etienne","133212",0.9,0.6,Inf,5e-04,0.2,"IW"
"etienne","133211",0.9,0.6,Inf,5e-04,0.2,"CS"
"etienne","133222",0.9,0.6,Inf,5e-04,0.4,"IW"
"etienne","133221",0.9,0.6,Inf,5e-04,0.4,"CS"
"etienne","133232",0.9,0.6,Inf,5e-04,0.6,"IW"
"etienne","133231",0.9,0.6,Inf,5e-04,0.6,"CS"
"etienne","212312",1,0.3,15,0.001,0.2,"IW"
"etienne","212311",1,0.3,15,0.001,0.2,"CS"
"etienne","212322",1,0.3,15,0.001,0.4,"IW"
"etienne","212321",1,0.3,15,0.001,0.4,"CS"
"etienne","212332",1,0.3,15,0.001,0.6,"IW"
"etienne","212331",1,0.3,15,0.001,0.6,"CS"
"etienne","212112",1,0.3,15,1e-04,0.2,"IW"
"etienne","212111",1,0.3,15,1e-04,0.2,"CS"
"etienne","212122",1,0.3,15,1e-04,0.4,"IW"
"etienne","212121",1,0.3,15,1e-04,0.4,"CS"
"etienne","212132",1,0.3,15,1e-04,0.6,"IW"
"etienne","212131",1,0.3,15,1e-04,0.6,"CS"
"etienne","212212",1,0.3,15,5e-04,0.2,"IW"
"etienne","212211",1,0.3,15,5e-04,0.2,"CS"
"etienne","212222",1,0.3,15,5e-04,0.4,"IW"
"etienne","212221",1,0.3,15,5e-04,0.4,"CS"
"etienne","212232",1,0.3,15,5e-04,0.6,"IW"
"etienne","212231",1,0.3,15,5e-04,0.6,"CS"
"etienne","214312",1,0.3,30,0.001,0.2,"IW"
"etienne","214311",1,0.3,30,0.001,0.2,"CS"
"etienne","214322",1,0.3,30,0.001,0.4,"IW"
"etienne","214321",1,0.3,30,0.001,0.4,"CS"
"etienne","214332",1,0.3,30,0.001,0.6,"IW"
"etienne","214331",1,0.3,30,0.001,0.6,"CS"
"etienne","214112",1,0.3,30,1e-04,0.2,"IW"
"etienne","214111",1,0.3,30,1e-04,0.2,"CS"
"etienne","214122",1,0.3,30,1e-04,0.4,"IW"
"etienne","214121",1,0.3,30,1e-04,0.4,"CS"
"etienne","214132",1,0.3,30,1e-04,0.6,"IW"
"etienne","214131",1,0.3,30,1e-04,0.6,"CS"
"etienne","214212",1,0.3,30,5e-04,0.2,"IW"
"etienne","214211",1,0.3,30,5e-04,0.2,"CS"
"etienne","214222",1,0.3,30,5e-04,0.4,"IW"
"etienne","214221",1,0.3,30,5e-04,0.4,"CS"
"etienne","214232",1,0.3,30,5e-04,0.6,"IW"
"etienne","214231",1,0.3,30,5e-04,0.6,"CS"
"etienne","211312",1,0.3,5,0.001,0.2,"IW"
"etienne","211311",1,0.3,5,0.001,0.2,"CS"
"etienne","211322",1,0.3,5,0.001,0.4,"IW"
"etienne","211321",1,0.3,5,0.001,0.4,"CS"
"etienne","211332",1,0.3,5,0.001,0.6,"IW"
"etienne","211331",1,0.3,5,0.001,0.6,"CS"
"etienne","211112",1,0.3,5,1e-04,0.2,"IW"
"etienne","211111",1,0.3,5,1e-04,0.2,"CS"
"etienne","211122",1,0.3,5,1e-04,0.4,"IW"
"etienne","211121",1,0.3,5,1e-04,0.4,"CS"
"etienne","211132",1,0.3,5,1e-04,0.6,"IW"
"etienne","211131",1,0.3,5,1e-04,0.6,"CS"
"etienne","211212",1,0.3,5,5e-04,0.2,"IW"
"etienne","211211",1,0.3,5,5e-04,0.2,"CS"
"etienne","211222",1,0.3,5,5e-04,0.4,"IW"
"etienne","211221",1,0.3,5,5e-04,0.4,"CS"
"etienne","211232",1,0.3,5,5e-04,0.6,"IW"
"etienne","211231",1,0.3,5,5e-04,0.6,"CS"
"etienne","213312",1,0.3,Inf,0.001,0.2,"IW"
"etienne","213311",1,0.3,Inf,0.001,0.2,"CS"
"etienne","213322",1,0.3,Inf,0.001,0.4,"IW"
"etienne","213321",1,0.3,Inf,0.001,0.4,"CS"
"etienne","213332",1,0.3,Inf,0.001,0.6,"IW"
"etienne","213331",1,0.3,Inf,0.001,0.6,"CS"
"etienne","213112",1,0.3,Inf,1e-04,0.2,"IW"
"etienne","213111",1,0.3,Inf,1e-04,0.2,"CS"
"etienne","213122",1,0.3,Inf,1e-04,0.4,"IW"
"etienne","213121",1,0.3,Inf,1e-04,0.4,"CS"
"etienne","213132",1,0.3,Inf,1e-04,0.6,"IW"
"etienne","213131",1,0.3,Inf,1e-04,0.6,"CS"
"etienne","213212",1,0.3,Inf,5e-04,0.2,"IW"
"etienne","213211",1,0.3,Inf,5e-04,0.2,"CS"
"etienne","213222",1,0.3,Inf,5e-04,0.4,"IW"
"etienne","213221",1,0.3,Inf,5e-04,0.4,"CS"
"etienne","213232",1,0.3,Inf,5e-04,0.6,"IW"
"etienne","213231",1,0.3,Inf,5e-04,0.6,"CS"
"etienne","222312",1,0.4,15,0.001,0.2,"IW"
"etienne","222311",1,0.4,15,0.001,0.2,"CS"
"etienne","222322",1,0.4,15,0.001,0.4,"IW"
"etienne","222321",1,0.4,15,0.001,0.4,"CS"
"etienne","222332",1,0.4,15,0.001,0.6,"IW"
"etienne","222331",1,0.4,15,0.001,0.6,"CS"
"etienne","222112",1,0.4,15,1e-04,0.2,"IW"
"etienne","222111",1,0.4,15,1e-04,0.2,"CS"
"etienne","222122",1,0.4,15,1e-04,0.4,"IW"
"etienne","222121",1,0.4,15,1e-04,0.4,"CS"
"etienne","222132",1,0.4,15,1e-04,0.6,"IW"
"etienne","222131",1,0.4,15,1e-04,0.6,"CS"
"etienne","222212",1,0.4,15,5e-04,0.2,"IW"
"etienne","222211",1,0.4,15,5e-04,0.2,"CS"
"etienne","222222",1,0.4,15,5e-04,0.4,"IW"
"etienne","222221",1,0.4,15,5e-04,0.4,"CS"
"etienne","222232",1,0.4,15,5e-04,0.6,"IW"
"etienne","222231",1,0.4,15,5e-04,0.6,"CS"
"etienne","224312",1,0.4,30,0.001,0.2,"IW"
"etienne","224311",1,0.4,30,0.001,0.2,"CS"
"etienne","224322",1,0.4,30,0.001,0.4,"IW"
"etienne","224321",1,0.4,30,0.001,0.4,"CS"
"etienne","224332",1,0.4,30,0.001,0.6,"IW"
"etienne","224331",1,0.4,30,0.001,0.6,"CS"
"etienne","224112",1,0.4,30,1e-04,0.2,"IW"
"etienne","224111",1,0.4,30,1e-04,0.2,"CS"
"etienne","224122",1,0.4,30,1e-04,0.4,"IW"
"etienne","224121",1,0.4,30,1e-04,0.4,"CS"
"etienne","224132",1,0.4,30,1e-04,0.6,"IW"
"etienne","224131",1,0.4,30,1e-04,0.6,"CS"
"etienne","224212",1,0.4,30,5e-04,0.2,"IW"
"etienne","224211",1,0.4,30,5e-04,0.2,"CS"
"etienne","224222",1,0.4,30,5e-04,0.4,"IW"
"etienne","224221",1,0.4,30,5e-04,0.4,"CS"
"etienne","224232",1,0.4,30,5e-04,0.6,"IW"
"etienne","224231",1,0.4,30,5e-04,0.6,"CS"
"etienne","221312",1,0.4,5,0.001,0.2,"IW"
"etienne","221311",1,0.4,5,0.001,0.2,"CS"
"etienne","221322",1,0.4,5,0.001,0.4,"IW"
"etienne","221321",1,0.4,5,0.001,0.4,"CS"
"etienne","221332",1,0.4,5,0.001,0.6,"IW"
"etienne","221331",1,0.4,5,0.001,0.6,"CS"
"etienne","221112",1,0.4,5,1e-04,0.2,"IW"
"etienne","221111",1,0.4,5,1e-04,0.2,"CS"
"etienne","221122",1,0.4,5,1e-04,0.4,"IW"
"etienne","221121",1,0.4,5,1e-04,0.4,"CS"
"etienne","221132",1,0.4,5,1e-04,0.6,"IW"
"etienne","221131",1,0.4,5,1e-04,0.6,"CS"
"etienne","221212",1,0.4,5,5e-04,0.2,"IW"
"etienne","221211",1,0.4,5,5e-04,0.2,"CS"
"etienne","221222",1,0.4,5,5e-04,0.4,"IW"
"etienne","221221",1,0.4,5,5e-04,0.4,"CS"
"etienne","221232",1,0.4,5,5e-04,0.6,"IW"
"etienne","221231",1,0.4,5,5e-04,0.6,"CS"
"etienne","223312",1,0.4,Inf,0.001,0.2,"IW"
"etienne","223311",1,0.4,Inf,0.001,0.2,"CS"
"etienne","223322",1,0.4,Inf,0.001,0.4,"IW"
"etienne","223321",1,0.4,Inf,0.001,0.4,"CS"
"etienne","223332",1,0.4,Inf,0.001,0.6,"IW"
"etienne","223331",1,0.4,Inf,0.001,0.6,"CS"
"etienne","223112",1,0.4,Inf,1e-04,0.2,"IW"
"etienne","223111",1,0.4,Inf,1e-04,0.2,"CS"
"etienne","223122",1,0.4,Inf,1e-04,0.4,"IW"
"etienne","223121",1,0.4,Inf,1e-04,0.4,"CS"
"etienne","223132",1,0.4,Inf,1e-04,0.6,"IW"
"etienne","223131",1,0.4,Inf,1e-04,0.6,"CS"
"etienne","223212",1,0.4,Inf,5e-04,0.2,"IW"
"etienne","223211",1,0.4,Inf,5e-04,0.2,"CS"
"etienne","223222",1,0.4,Inf,5e-04,0.4,"IW"
"etienne","223221",1,0.4,Inf,5e-04,0.4,"CS"
"etienne","223232",1,0.4,Inf,5e-04,0.6,"IW"
"etienne","223231",1,0.4,Inf,5e-04,0.6,"CS"
"etienne","232312",1,0.6,15,0.001,0.2,"IW"
"etienne","232311",1,0.6,15,0.001,0.2,"CS"
"etienne","232322",1,0.6,15,0.001,0.4,"IW"
"etienne","232321",1,0.6,15,0.001,0.4,"CS"
"etienne","232332",1,0.6,15,0.001,0.6,"IW"
"etienne","232331",1,0.6,15,0.001,0.6,"CS"
"etienne","232112",1,0.6,15,1e-04,0.2,"IW"
"etienne","232111",1,0.6,15,1e-04,0.2,"CS"
"etienne","232122",1,0.6,15,1e-04,0.4,"IW"
"etienne","232121",1,0.6,15,1e-04,0.4,"CS"
"etienne","232132",1,0.6,15,1e-04,0.6,"IW"
"etienne","232131",1,0.6,15,1e-04,0.6,"CS"
"etienne","232212",1,0.6,15,5e-04,0.2,"IW"
"etienne","232211",1,0.6,15,5e-04,0.2,"CS"
"etienne","232222",1,0.6,15,5e-04,0.4,"IW"
"etienne","232221",1,0.6,15,5e-04,0.4,"CS"
"etienne","232232",1,0.6,15,5e-04,0.6,"IW"
"etienne","232231",1,0.6,15,5e-04,0.6,"CS"
"etienne","234312",1,0.6,30,0.001,0.2,"IW"
"etienne","234311",1,0.6,30,0.001,0.2,"CS"
"etienne","234322",1,0.6,30,0.001,0.4,"IW"
"etienne","234321",1,0.6,30,0.001,0.4,"CS"
"etienne","234332",1,0.6,30,0.001,0.6,"IW"
"etienne","234331",1,0.6,30,0.001,0.6,"CS"
"etienne","234112",1,0.6,30,1e-04,0.2,"IW"
"etienne","234111",1,0.6,30,1e-04,0.2,"CS"
"etienne","234122",1,0.6,30,1e-04,0.4,"IW"
"etienne","234121",1,0.6,30,1e-04,0.4,"CS"
"etienne","234132",1,0.6,30,1e-04,0.6,"IW"
"etienne","234131",1,0.6,30,1e-04,0.6,"CS"
"etienne","234212",1,0.6,30,5e-04,0.2,"IW"
"etienne","234211",1,0.6,30,5e-04,0.2,"CS"
"etienne","234222",1,0.6,30,5e-04,0.4,"IW"
"etienne","234221",1,0.6,30,5e-04,0.4,"CS"
"etienne","234232",1,0.6,30,5e-04,0.6,"IW"
"etienne","234231",1,0.6,30,5e-04,0.6,"CS"
"etienne","231312",1,0.6,5,0.001,0.2,"IW"
"etienne","231311",1,0.6,5,0.001,0.2,"CS"
"etienne","231322",1,0.6,5,0.001,0.4,"IW"
"etienne","231321",1,0.6,5,0.001,0.4,"CS"
"etienne","231332",1,0.6,5,0.001,0.6,"IW"
"etienne","231331",1,0.6,5,0.001,0.6,"CS"
"etienne","231112",1,0.6,5,1e-04,0.2,"IW"
"etienne","231111",1,0.6,5,1e-04,0.2,"CS"
"etienne","231122",1,0.6,5,1e-04,0.4,"IW"
"etienne","231121",1,0.6,5,1e-04,0.4,"CS"
"etienne","231132",1,0.6,5,1e-04,0.6,"IW"
"etienne","231131",1,0.6,5,1e-04,0.6,"CS"
"etienne","231212",1,0.6,5,5e-04,0.2,"IW"
"etienne","231211",1,0.6,5,5e-04,0.2,"CS"
"etienne","231222",1,0.6,5,5e-04,0.4,"IW"
"etienne","231221",1,0.6,5,5e-04,0.4,"CS"
"etienne","231232",1,0.6,5,5e-04,0.6,"IW"
"etienne","231231",1,0.6,5,5e-04,0.6,"CS"
"etienne","233312",1,0.6,Inf,0.001,0.2,"IW"
"etienne","233311",1,0.6,Inf,0.001,0.2,"CS"
"etienne","233322",1,0.6,Inf,0.001,0.4,"IW"
"etienne","233321",1,0.6,Inf,0.001,0.4,"CS"
"etienne","233332",1,0.6,Inf,0.001,0.6,"IW"
"etienne","233331",1,0.6,Inf,0.001,0.6,"CS"
"etienne","233112",1,0.6,Inf,1e-04,0.2,"IW"
"etienne","233111",1,0.6,Inf,1e-04,0.2,"CS"
"etienne","233122",1,0.6,Inf,1e-04,0.4,"IW"
"etienne","233121",1,0.6,Inf,1e-04,0.4,"CS"
"etienne","233132",1,0.6,Inf,1e-04,0.6,"IW"
"etienne","233131",1,0.6,Inf,1e-04,0.6,"CS"
"etienne","233212",1,0.6,Inf,5e-04,0.2,"IW"
"etienne","233211",1,0.6,Inf,5e-04,0.2,"CS"
"etienne","233222",1,0.6,Inf,5e-04,0.4,"IW"
"etienne","233221",1,0.6,Inf,5e-04,0.4,"CS"
"etienne","233232",1,0.6,Inf,5e-04,0.6,"IW"
"etienne","233231",1,0.6,Inf,5e-04,0.6,"CS"
"etienne","312312",1.3,0.3,15,0.001,0.2,"IW"
"etienne","312311",1.3,0.3,15,0.001,0.2,"CS"
"etienne","312322",1.3,0.3,15,0.001,0.4,"IW"
"etienne","312321",1.3,0.3,15,0.001,0.4,"CS"
"etienne","312332",1.3,0.3,15,0.001,0.6,"IW"
"etienne","312331",1.3,0.3,15,0.001,0.6,"CS"
"etienne","312112",1.3,0.3,15,1e-04,0.2,"IW"
"etienne","312111",1.3,0.3,15,1e-04,0.2,"CS"
"etienne","312122",1.3,0.3,15,1e-04,0.4,"IW"
"etienne","312121",1.3,0.3,15,1e-04,0.4,"CS"
"etienne","312132",1.3,0.3,15,1e-04,0.6,"IW"
"etienne","312131",1.3,0.3,15,1e-04,0.6,"CS"
"etienne","312212",1.3,0.3,15,5e-04,0.2,"IW"
"etienne","312211",1.3,0.3,15,5e-04,0.2,"CS"
"etienne","312222",1.3,0.3,15,5e-04,0.4,"IW"
"etienne","312221",1.3,0.3,15,5e-04,0.4,"CS"
"etienne","312232",1.3,0.3,15,5e-04,0.6,"IW"
"etienne","312231",1.3,0.3,15,5e-04,0.6,"CS"
"etienne","314312",1.3,0.3,30,0.001,0.2,"IW"
"etienne","314311",1.3,0.3,30,0.001,0.2,"CS"
"etienne","314322",1.3,0.3,30,0.001,0.4,"IW"
"etienne","314321",1.3,0.3,30,0.001,0.4,"CS"
"etienne","314332",1.3,0.3,30,0.001,0.6,"IW"
"etienne","314331",1.3,0.3,30,0.001,0.6,"CS"
"etienne","314112",1.3,0.3,30,1e-04,0.2,"IW"
"etienne","314111",1.3,0.3,30,1e-04,0.2,"CS"
"etienne","314122",1.3,0.3,30,1e-04,0.4,"IW"
"etienne","314121",1.3,0.3,30,1e-04,0.4,"CS"
"etienne","314132",1.3,0.3,30,1e-04,0.6,"IW"
"etienne","314131",1.3,0.3,30,1e-04,0.6,"CS"
"etienne","314212",1.3,0.3,30,5e-04,0.2,"IW"
"etienne","314211",1.3,0.3,30,5e-04,0.2,"CS"
"etienne","314222",1.3,0.3,30,5e-04,0.4,"IW"
"etienne","314221",1.3,0.3,30,5e-04,0.4,"CS"
"etienne","314232",1.3,0.3,30,5e-04,0.6,"IW"
"etienne","314231",1.3,0.3,30,5e-04,0.6,"CS"
"etienne","311312",1.3,0.3,5,0.001,0.2,"IW"
"etienne","311311",1.3,0.3,5,0.001,0.2,"CS"
"etienne","311322",1.3,0.3,5,0.001,0.4,"IW"
"etienne","311321",1.3,0.3,5,0.001,0.4,"CS"
"etienne","311332",1.3,0.3,5,0.001,0.6,"IW"
"etienne","311331",1.3,0.3,5,0.001,0.6,"CS"
"etienne","311112",1.3,0.3,5,1e-04,0.2,"IW"
"etienne","311111",1.3,0.3,5,1e-04,0.2,"CS"
"etienne","311122",1.3,0.3,5,1e-04,0.4,"IW"
"etienne","311121",1.3,0.3,5,1e-04,0.4,"CS"
"etienne","311132",1.3,0.3,5,1e-04,0.6,"IW"
"etienne","311131",1.3,0.3,5,1e-04,0.6,"CS"
"etienne","311212",1.3,0.3,5,5e-04,0.2,"IW"
"etienne","311211",1.3,0.3,5,5e-04,0.2,"CS"
"etienne","311222",1.3,0.3,5,5e-04,0.4,"IW"
"etienne","311221",1.3,0.3,5,5e-04,0.4,"CS"
"etienne","311232",1.3,0.3,5,5e-04,0.6,"IW"
"etienne","311231",1.3,0.3,5,5e-04,0.6,"CS"
"etienne","313322",1.3,0.3,Inf,0.001,0.4,"IW"
"etienne","313112",1.3,0.3,Inf,1e-04,0.2,"IW"
"etienne","313111",1.3,0.3,Inf,1e-04,0.2,"CS"
"etienne","313122",1.3,0.3,Inf,1e-04,0.4,"IW"
"etienne","313121",1.3,0.3,Inf,1e-04,0.4,"CS"
"etienne","313132",1.3,0.3,Inf,1e-04,0.6,"IW"
"etienne","313131",1.3,0.3,Inf,1e-04,0.6,"CS"
"etienne","313212",1.3,0.3,Inf,5e-04,0.2,"IW"
"etienne","313222",1.3,0.3,Inf,5e-04,0.4,"IW"
"etienne","313232",1.3,0.3,Inf,5e-04,0.6,"IW"
"etienne","322312",1.3,0.4,15,0.001,0.2,"IW"
"etienne","322311",1.3,0.4,15,0.001,0.2,"CS"
"etienne","322322",1.3,0.4,15,0.001,0.4,"IW"
"etienne","322321",1.3,0.4,15,0.001,0.4,"CS"
"etienne","322332",1.3,0.4,15,0.001,0.6,"IW"
"etienne","322331",1.3,0.4,15,0.001,0.6,"CS"
"etienne","322112",1.3,0.4,15,1e-04,0.2,"IW"
"etienne","322111",1.3,0.4,15,1e-04,0.2,"CS"
"etienne","322122",1.3,0.4,15,1e-04,0.4,"IW"
"etienne","322121",1.3,0.4,15,1e-04,0.4,"CS"
"etienne","322132",1.3,0.4,15,1e-04,0.6,"IW"
"etienne","322131",1.3,0.4,15,1e-04,0.6,"CS"
"etienne","322212",1.3,0.4,15,5e-04,0.2,"IW"
"etienne","322211",1.3,0.4,15,5e-04,0.2,"CS"
"etienne","322222",1.3,0.4,15,5e-04,0.4,"IW"
"etienne","322221",1.3,0.4,15,5e-04,0.4,"CS"
"etienne","322232",1.3,0.4,15,5e-04,0.6,"IW"
"etienne","322231",1.3,0.4,15,5e-04,0.6,"CS"
"etienne","324312",1.3,0.4,30,0.001,0.2,"IW"
"etienne","324311",1.3,0.4,30,0.001,0.2,"CS"
"etienne","324322",1.3,0.4,30,0.001,0.4,"IW"
"etienne","324321",1.3,0.4,30,0.001,0.4,"CS"
"etienne","324332",1.3,0.4,30,0.001,0.6,"IW"
"etienne","324331",1.3,0.4,30,0.001,0.6,"CS"
"etienne","324112",1.3,0.4,30,1e-04,0.2,"IW"
"etienne","324111",1.3,0.4,30,1e-04,0.2,"CS"
"etienne","324122",1.3,0.4,30,1e-04,0.4,"IW"
"etienne","324121",1.3,0.4,30,1e-04,0.4,"CS"
"etienne","324132",1.3,0.4,30,1e-04,0.6,"IW"
"etienne","324131",1.3,0.4,30,1e-04,0.6,"CS"
"etienne","324212",1.3,0.4,30,5e-04,0.2,"IW"
"etienne","324211",1.3,0.4,30,5e-04,0.2,"CS"
"etienne","324222",1.3,0.4,30,5e-04,0.4,"IW"
"etienne","324221",1.3,0.4,30,5e-04,0.4,"CS"
"etienne","324232",1.3,0.4,30,5e-04,0.6,"IW"
"etienne","324231",1.3,0.4,30,5e-04,0.6,"CS"
"etienne","321312",1.3,0.4,5,0.001,0.2,"IW"
"etienne","321311",1.3,0.4,5,0.001,0.2,"CS"
"etienne","321322",1.3,0.4,5,0.001,0.4,"IW"
"etienne","321321",1.3,0.4,5,0.001,0.4,"CS"
"etienne","321332",1.3,0.4,5,0.001,0.6,"IW"
"etienne","321331",1.3,0.4,5,0.001,0.6,"CS"
"etienne","321112",1.3,0.4,5,1e-04,0.2,"IW"
"etienne","321111",1.3,0.4,5,1e-04,0.2,"CS"
"etienne","321122",1.3,0.4,5,1e-04,0.4,"IW"
"etienne","321121",1.3,0.4,5,1e-04,0.4,"CS"
"etienne","321132",1.3,0.4,5,1e-04,0.6,"IW"
"etienne","321131",1.3,0.4,5,1e-04,0.6,"CS"
"etienne","321212",1.3,0.4,5,5e-04,0.2,"IW"
"etienne","321211",1.3,0.4,5,5e-04,0.2,"CS"
"etienne","321222",1.3,0.4,5,5e-04,0.4,"IW"
"etienne","321221",1.3,0.4,5,5e-04,0.4,"CS"
"etienne","321232",1.3,0.4,5,5e-04,0.6,"IW"
"etienne","321231",1.3,0.4,5,5e-04,0.6,"CS"
"etienne","323312",1.3,0.4,Inf,0.001,0.2,"IW"
"etienne","323311",1.3,0.4,Inf,0.001,0.2,"CS"
"etienne","323322",1.3,0.4,Inf,0.001,0.4,"IW"
"etienne","323321",1.3,0.4,Inf,0.001,0.4,"CS"
"etienne","323332",1.3,0.4,Inf,0.001,0.6,"IW"
"etienne","323331",1.3,0.4,Inf,0.001,0.6,"CS"
"etienne","323112",1.3,0.4,Inf,1e-04,0.2,"IW"
"etienne","323111",1.3,0.4,Inf,1e-04,0.2,"CS"
"etienne","323122",1.3,0.4,Inf,1e-04,0.4,"IW"
"etienne","323121",1.3,0.4,Inf,1e-04,0.4,"CS"
"etienne","323132",1.3,0.4,Inf,1e-04,0.6,"IW"
"etienne","323131",1.3,0.4,Inf,1e-04,0.6,"CS"
"etienne","323212",1.3,0.4,Inf,5e-04,0.2,"IW"
"etienne","323211",1.3,0.4,Inf,5e-04,0.2,"CS"
"etienne","323222",1.3,0.4,Inf,5e-04,0.4,"IW"
"etienne","323221",1.3,0.4,Inf,5e-04,0.4,"CS"
"etienne","323232",1.3,0.4,Inf,5e-04,0.6,"IW"
"etienne","323231",1.3,0.4,Inf,5e-04,0.6,"CS"
"etienne","332312",1.3,0.6,15,0.001,0.2,"IW"
"etienne","332311",1.3,0.6,15,0.001,0.2,"CS"
"etienne","332322",1.3,0.6,15,0.001,0.4,"IW"
"etienne","332321",1.3,0.6,15,0.001,0.4,"CS"
"etienne","332332",1.3,0.6,15,0.001,0.6,"IW"
"etienne","332331",1.3,0.6,15,0.001,0.6,"CS"
"etienne","332112",1.3,0.6,15,1e-04,0.2,"IW"
"etienne","332111",1.3,0.6,15,1e-04,0.2,"CS"
"etienne","332122",1.3,0.6,15,1e-04,0.4,"IW"
"etienne","332121",1.3,0.6,15,1e-04,0.4,"CS"
"etienne","332132",1.3,0.6,15,1e-04,0.6,"IW"
"etienne","332131",1.3,0.6,15,1e-04,0.6,"CS"
"etienne","332212",1.3,0.6,15,5e-04,0.2,"IW"
"etienne","332211",1.3,0.6,15,5e-04,0.2,"CS"
"etienne","332222",1.3,0.6,15,5e-04,0.4,"IW"
"etienne","332221",1.3,0.6,15,5e-04,0.4,"CS"
"etienne","332232",1.3,0.6,15,5e-04,0.6,"IW"
"etienne","332231",1.3,0.6,15,5e-04,0.6,"CS"
"etienne","334312",1.3,0.6,30,0.001,0.2,"IW"
"etienne","334311",1.3,0.6,30,0.001,0.2,"CS"
"etienne","334322",1.3,0.6,30,0.001,0.4,"IW"
"etienne","334321",1.3,0.6,30,0.001,0.4,"CS"
"etienne","334332",1.3,0.6,30,0.001,0.6,"IW"
"etienne","334331",1.3,0.6,30,0.001,0.6,"CS"
"etienne","334112",1.3,0.6,30,1e-04,0.2,"IW"
"etienne","334111",1.3,0.6,30,1e-04,0.2,"CS"
"etienne","334122",1.3,0.6,30,1e-04,0.4,"IW"
"etienne","334121",1.3,0.6,30,1e-04,0.4,"CS"
"etienne","334132",1.3,0.6,30,1e-04,0.6,"IW"
"etienne","334131",1.3,0.6,30,1e-04,0.6,"CS"
"etienne","334212",1.3,0.6,30,5e-04,0.2,"IW"
"etienne","334211",1.3,0.6,30,5e-04,0.2,"CS"
"etienne","334222",1.3,0.6,30,5e-04,0.4,"IW"
"etienne","334221",1.3,0.6,30,5e-04,0.4,"CS"
"etienne","334232",1.3,0.6,30,5e-04,0.6,"IW"
"etienne","334231",1.3,0.6,30,5e-04,0.6,"CS"
"etienne","331312",1.3,0.6,5,0.001,0.2,"IW"
"etienne","331311",1.3,0.6,5,0.001,0.2,"CS"
"etienne","331322",1.3,0.6,5,0.001,0.4,"IW"
"etienne","331321",1.3,0.6,5,0.001,0.4,"CS"
"etienne","331332",1.3,0.6,5,0.001,0.6,"IW"
"etienne","331331",1.3,0.6,5,0.001,0.6,"CS"
"etienne","331112",1.3,0.6,5,1e-04,0.2,"IW"
"etienne","331111",1.3,0.6,5,1e-04,0.2,"CS"
"etienne","331122",1.3,0.6,5,1e-04,0.4,"IW"
"etienne","331121",1.3,0.6,5,1e-04,0.4,"CS"
"etienne","331132",1.3,0.6,5,1e-04,0.6,"IW"
"etienne","331131",1.3,0.6,5,1e-04,0.6,"CS"
"etienne","331212",1.3,0.6,5,5e-04,0.2,"IW"
"etienne","331211",1.3,0.6,5,5e-04,0.2,"CS"
"etienne","331222",1.3,0.6,5,5e-04,0.4,"IW"
"etienne","331221",1.3,0.6,5,5e-04,0.4,"CS"
"etienne","331232",1.3,0.6,5,5e-04,0.6,"IW"
"etienne","331231",1.3,0.6,5,5e-04,0.6,"CS"
"etienne","333312",1.3,0.6,Inf,0.001,0.2,"IW"
"etienne","333311",1.3,0.6,Inf,0.001,0.2,"CS"
"etienne","333322",1.3,0.6,Inf,0.001,0.4,"IW"
"etienne","333321",1.3,0.6,Inf,0.001,0.4,"CS"
"etienne","333332",1.3,0.6,Inf,0.001,0.6,"IW"
"etienne","333331",1.3,0.6,Inf,0.001,0.6,"CS"
"etienne","333112",1.3,0.6,Inf,1e-04,0.2,"IW"
"etienne","333111",1.3,0.6,Inf,1e-04,0.2,"CS"
"etienne","333122",1.3,0.6,Inf,1e-04,0.4,"IW"
"etienne","333121",1.3,0.6,Inf,1e-04,0.4,"CS"
"etienne","333132",1.3,0.6,Inf,1e-04,0.6,"IW"
"etienne","333131",1.3,0.6,Inf,1e-04,0.6,"CS"
"etienne","333212",1.3,0.6,Inf,5e-04,0.2,"IW"
"etienne","333211",1.3,0.6,Inf,5e-04,0.2,"CS"
"etienne","333222",1.3,0.6,Inf,5e-04,0.4,"IW"
"etienne","333221",1.3,0.6,Inf,5e-04,0.4,"CS"
"etienne","333232",1.3,0.6,Inf,5e-04,0.6,"IW"
"etienne","333231",1.3,0.6,Inf,5e-04,0.6,"CS"
